{
  "Pred 1a (excl KR)": {
    "n": 17,
    "pearson_r": -0.09498626097989107,
    "pearson_p": 0.7168820950080264,
    "spearman_rho": -0.3093927898569305,
    "spearman_p": 0.22688497406430436,
    "ols_slope": -0.0003512853047605622,
    "ols_p": 0.7168820950080264,
    "r2": 0.009022389774939977
  },
  "Pred 1a (excl PT, KR, FI, IT)": {
    "n": 14,
    "pearson_r": -0.6623383260148593,
    "pearson_p": 0.00985396193778167,
    "spearman_rho": -0.525909911706008,
    "spearman_p": 0.05340603714365911,
    "ols_slope": -9.141126618384139e-05,
    "ols_p": 0.00985396193778163,
    "r2": 0.4386920581081662
  },
  "Pred 1b (excl PT, KR)": {
    "n": 15,
    "pearson_r": -0.6164895221524163,
    "pearson_p": 0.014380119482693644,
    "spearman_rho": -0.6279079814588469,
    "spearman_p": 0.01219791758799409,
    "ols_slope": -0.002364838675185116,
    "ols_p": 0.01438011948269364,
    "r2": 0.3800593309237147
  },
  "Pred 1c (excl JP, KR)": {
    "n": 16,
    "pearson_r": -0.3345143387949964,
    "pearson_p": 0.205374618544854,
    "spearman_rho": -0.34315206581654545,
    "spearman_p": 0.19318794024338232,
    "ols_slope": -0.007433654640379347,
    "ols_p": 0.20537461854485436,
    "r2": 0.11189984285945362
  },
  "Pred 2a (excl SE, KR)": {
    "n": 16,
    "pearson_r": -0.4533097835237175,
    "pearson_p": 0.07782649390531451,
    "spearman_rho": -0.6097208379744627,
    "spearman_p": 0.012152565372543818,
    "ols_slope": -0.025384968092831348,
    "ols_p": 0.07782649390531454,
    "r2": 0.20548975983831955
  },
  "Pred 2b controlled": {
    "n": 15,
    "coef_density": -0.0017355181868803139,
    "p_density": 0.09952825772539768,
    "r2": 0.44795972401361106
  },
  "Pred 3a controlled": {
    "n": 13,
    "coef_density": -0.0010179315438687596,
    "p_density": 0.533297646141676,
    "r2": 0.14251265325130225
  },
  "Pred 3b controlled": {
    "n": 15,
    "coef_init_dw": 0.050578975843412796,
    "p_init_dw": 0.1760085002378212,
    "r2": 0.2848199114800024
  }
}