{
  "Pred 1a (excl KR)": {
    "n": 18,
    "pearson_r": -0.1273662971448689,
    "pearson_p": 0.61451789013545,
    "spearman_rho": -0.2490959066114492,
    "spearman_p": 0.3188702878817728,
    "ols_slope": -0.000526223300368172,
    "ols_p": 0.6145178901354501,
    "r2": 0.01622217364839505
  }
}